mysql> USE dswork;
Database changed
mysql> mysql> SOURCE createdept.sql
Query OK, 0 rows affected, 1 warning (0.00 sec)

Query OK, 0 rows affected (0.05 sec)

mysql> SOURCE createemp.sql
Query OK, 0 rows affected, 1 warning (0.00 sec)

Query OK, 0 rows affected (0.03 sec)

mysql> SOURCE createproj.sql
Query OK, 0 rows affected, 1 warning (0.00 sec)

Query OK, 0 rows affected (0.03 sec)

mysql> SOURCE createpworks.sql
Query OK, 0 rows affected, 1 warning (0.01 sec)

Query OK, 0 rows affected (0.02 sec)

mysql> SOURCE indept.sql
ERROR: 
Failed to open file 'indept.sql', error: 2
mysql> SOURCE insdept.sql
Query OK, 1 row affected (0.00 sec)

Query OK, 1 row affected (0.00 sec)

Query OK, 1 row affected (0.01 sec)

Query OK, 1 row affected (0.00 sec)

Query OK, 1 row affected (0.00 sec)

Query OK, 1 row affected (0.00 sec)

Query OK, 1 row affected (0.00 sec)

Query OK, 1 row affected (0.00 sec)

Query OK, 1 row affected (0.00 sec)

mysql> SOURCE insemp.sql
Query OK, 1 row affected (0.01 sec)

Query OK, 1 row affected (0.00 sec)

Query OK, 1 row affected (0.01 sec)

Query OK, 1 row affected (0.00 sec)

Query OK, 1 row affected (0.00 sec)

Query OK, 1 row affected (0.00 sec)

Query OK, 1 row affected (0.00 sec)

Query OK, 1 row affected (0.00 sec)

Query OK, 1 row affected (0.00 sec)

Query OK, 1 row affected (0.00 sec)

Query OK, 1 row affected (0.01 sec)

Query OK, 1 row affected (0.00 sec)

Query OK, 1 row affected (0.00 sec)

Query OK, 1 row affected (0.00 sec)

Query OK, 1 row affected (0.01 sec)

Query OK, 1 row affected (0.00 sec)

Query OK, 1 row affected (0.00 sec)

Query OK, 1 row affected (0.00 sec)

Query OK, 1 row affected (0.00 sec)

Query OK, 1 row affected (0.00 sec)

Query OK, 1 row affected (0.00 sec)

Query OK, 1 row affected (0.00 sec)

Query OK, 1 row affected (0.00 sec)

Query OK, 1 row affected (0.00 sec)

Query OK, 1 row affected (0.00 sec)

Query OK, 1 row affected (0.00 sec)

Query OK, 1 row affected (0.00 sec)

Query OK, 1 row affected (0.00 sec)

Query OK, 1 row affected (0.00 sec)

Query OK, 1 row affected (0.00 sec)

Query OK, 1 row affected (0.00 sec)

Query OK, 1 row affected (0.00 sec)

mysql> SOURCE insproj.sql
Query OK, 1 row affected (0.01 sec)

Query OK, 1 row affected (0.00 sec)

Query OK, 1 row affected (0.00 sec)

Query OK, 1 row affected (0.00 sec)

Query OK, 1 row affected (0.00 sec)

Query OK, 1 row affected (0.01 sec)

Query OK, 1 row affected (0.00 sec)

Query OK, 1 row affected (0.00 sec)

Query OK, 1 row affected (0.00 sec)

Query OK, 1 row affected (0.00 sec)

Query OK, 1 row affected (0.00 sec)

Query OK, 1 row affected (0.00 sec)

Query OK, 1 row affected (0.00 sec)

Query OK, 1 row affected (0.00 sec)

Query OK, 1 row affected (0.00 sec)

Query OK, 1 row affected (0.00 sec)

Query OK, 1 row affected (0.01 sec)

Query OK, 1 row affected (0.00 sec)

Query OK, 1 row affected (0.00 sec)

Query OK, 1 row affected (0.00 sec)

mysql> SOURCE inspworks.sql
Query OK, 1 row affected (0.00 sec)

Query OK, 1 row affected (0.00 sec)

Query OK, 1 row affected (0.00 sec)

Query OK, 1 row affected (0.00 sec)

Query OK, 1 row affected (0.00 sec)

Query OK, 1 row affected (0.01 sec)

Query OK, 1 row affected (0.00 sec)

Query OK, 1 row affected (0.00 sec)

Query OK, 1 row affected (0.00 sec)

Query OK, 1 row affected (0.00 sec)

Query OK, 1 row affected (0.00 sec)

Query OK, 1 row affected (0.00 sec)

Query OK, 1 row affected (0.00 sec)

Query OK, 1 row affected (0.00 sec)

Query OK, 1 row affected (0.00 sec)

Query OK, 1 row affected (0.01 sec)

Query OK, 1 row affected (0.00 sec)

Query OK, 1 row affected (0.00 sec)

Query OK, 1 row affected (0.00 sec)

Query OK, 1 row affected (0.00 sec)

Query OK, 1 row affected (0.00 sec)

Query OK, 1 row affected (0.00 sec)

Query OK, 1 row affected (0.00 sec)

Query OK, 1 row affected (0.00 sec)

Query OK, 1 row affected (0.00 sec)

Query OK, 1 row affected (0.00 sec)

Query OK, 1 row affected (0.00 sec)

Query OK, 1 row affected (0.00 sec)

Query OK, 1 row affected (0.00 sec)

Query OK, 1 row affected (0.00 sec)

Query OK, 1 row affected (0.00 sec)

Query OK, 1 row affected (0.00 sec)

Query OK, 1 row affected (0.00 sec)

Query OK, 1 row affected (0.00 sec)

Query OK, 1 row affected (0.00 sec)

Query OK, 1 row affected (0.00 sec)

Query OK, 1 row affected (0.00 sec)

Query OK, 1 row affected (0.00 sec)

Query OK, 1 row affected (0.01 sec)

Query OK, 1 row affected (0.00 sec)

Query OK, 1 row affected (0.00 sec)

Query OK, 1 row affected (0.00 sec)

Query OK, 1 row affected (0.01 sec)

Query OK, 1 row affected (0.00 sec)

Query OK, 1 row affected (0.00 sec)

Query OK, 1 row affected (0.00 sec)

Query OK, 1 row affected (0.00 sec)

Query OK, 1 row affected (0.00 sec)

Query OK, 1 row affected (0.00 sec)

Query OK, 1 row affected (0.00 sec)

Query OK, 1 row affected (0.00 sec)

Query OK, 1 row affected (0.00 sec)

Query OK, 1 row affected (0.00 sec)

Query OK, 1 row affected (0.00 sec)

Query OK, 1 row affected (0.00 sec)

Query OK, 1 row affected (0.00 sec)

Query OK, 1 row affected (0.01 sec)

Query OK, 1 row affected (0.00 sec)

Query OK, 1 row affected (0.00 sec)

Query OK, 1 row affected (0.00 sec)

Query OK, 1 row affected (0.00 sec)

Query OK, 1 row affected (0.00 sec)

Query OK, 1 row affected (0.00 sec)

Query OK, 1 row affected (0.00 sec)

Query OK, 1 row affected (0.00 sec)

Query OK, 1 row affected (0.01 sec)

Query OK, 1 row affected (0.00 sec)

Query OK, 1 row affected (0.00 sec)

Query OK, 1 row affected (0.00 sec)

Query OK, 1 row affected (0.00 sec)

Query OK, 1 row affected (0.00 sec)

Query OK, 1 row affected (0.00 sec)

Query OK, 1 row affected (0.00 sec)

Query OK, 1 row affected (0.00 sec)

Query OK, 1 row affected (0.00 sec)

Query OK, 1 row affected (0.00 sec)

Query OK, 1 row affected (0.00 sec)

Query OK, 1 row affected (0.00 sec)

Query OK, 1 row affected (0.00 sec)

Query OK, 1 row affected (0.00 sec)

Query OK, 1 row affected (0.00 sec)

Query OK, 1 row affected (0.00 sec)

Query OK, 1 row affected (0.00 sec)

Query OK, 1 row affected (0.00 sec)

Query OK, 1 row affected (0.00 sec)

Query OK, 1 row affected (0.00 sec)

Query OK, 1 row affected (0.01 sec)

Query OK, 1 row affected (0.00 sec)

Query OK, 1 row affected (0.00 sec)

Query OK, 1 row affected (0.00 sec)

mysql> CREATE DATABASE company;
Query OK, 1 row affected (0.01 sec)

mysql> show database
    -> ^C
mysql> show database;
ERROR 1064 (42000): You have an error in your SQL syntax; check the manual that corresponds to your MySQL server version for the right syntax to use near 'database' at line 1
mysql> SHOW TABLES;
+------------------+
| Tables_in_dswork |
+------------------+
| Dept             |
| Emp              |
| Proj             |
| Pworks           |
+------------------+
4 rows in set (0.00 sec)

mysql> SHOW DATABASES;
+--------------------+
| Database           |
+--------------------+
| information_schema |
| company            |
| dswork             |
| koha_library       |
| mysql              |
| performance_schema |
| sys                |
+--------------------+
7 rows in set (0.00 sec)

mysql> USE company;
Database changed
mysql> SHOW TABLES
    -> ^C
mysql> SHOW TABLES;
Empty set (0.00 sec)

mysql> SOURCE rebuild.sql
ERROR: 
Failed to open file 'creatdept.sql', error: 2
ERROR: 
Failed to open file 'createmp.sql', error: 2
Query OK, 0 rows affected, 1 warning (0.00 sec)

ERROR 1215 (HY000): Cannot add foreign key constraint
Query OK, 0 rows affected, 1 warning (0.00 sec)

ERROR 1215 (HY000): Cannot add foreign key constraint
ERROR 1146 (42S02): Table 'company.Dept' doesn't exist
ERROR 1146 (42S02): Table 'company.Dept' doesn't exist
ERROR 1146 (42S02): Table 'company.Dept' doesn't exist
ERROR 1146 (42S02): Table 'company.Dept' doesn't exist
ERROR 1146 (42S02): Table 'company.Dept' doesn't exist
ERROR 1146 (42S02): Table 'company.Dept' doesn't exist
ERROR 1146 (42S02): Table 'company.Dept' doesn't exist
ERROR 1146 (42S02): Table 'company.Dept' doesn't exist
ERROR 1146 (42S02): Table 'company.Dept' doesn't exist
ERROR 1146 (42S02): Table 'company.Emp' doesn't exist
ERROR 1146 (42S02): Table 'company.Emp' doesn't exist
ERROR 1146 (42S02): Table 'company.Emp' doesn't exist
ERROR 1146 (42S02): Table 'company.Emp' doesn't exist
ERROR 1146 (42S02): Table 'company.Emp' doesn't exist
ERROR 1146 (42S02): Table 'company.Emp' doesn't exist
ERROR 1146 (42S02): Table 'company.Emp' doesn't exist
ERROR 1146 (42S02): Table 'company.Emp' doesn't exist
ERROR 1146 (42S02): Table 'company.Emp' doesn't exist
ERROR 1146 (42S02): Table 'company.Emp' doesn't exist
ERROR 1146 (42S02): Table 'company.Emp' doesn't exist
ERROR 1146 (42S02): Table 'company.Emp' doesn't exist
ERROR 1146 (42S02): Table 'company.Emp' doesn't exist
ERROR 1146 (42S02): Table 'company.Emp' doesn't exist
ERROR 1146 (42S02): Table 'company.Emp' doesn't exist
ERROR 1146 (42S02): Table 'company.Emp' doesn't exist
ERROR 1146 (42S02): Table 'company.Emp' doesn't exist
ERROR 1146 (42S02): Table 'company.Emp' doesn't exist
ERROR 1146 (42S02): Table 'company.Emp' doesn't exist
ERROR 1146 (42S02): Table 'company.Emp' doesn't exist
ERROR 1146 (42S02): Table 'company.Emp' doesn't exist
ERROR 1146 (42S02): Table 'company.Emp' doesn't exist
ERROR 1146 (42S02): Table 'company.Emp' doesn't exist
ERROR 1146 (42S02): Table 'company.Emp' doesn't exist
ERROR 1146 (42S02): Table 'company.Emp' doesn't exist
ERROR 1146 (42S02): Table 'company.Emp' doesn't exist
ERROR 1146 (42S02): Table 'company.Emp' doesn't exist
ERROR 1146 (42S02): Table 'company.Emp' doesn't exist
ERROR 1146 (42S02): Table 'company.Emp' doesn't exist
ERROR 1146 (42S02): Table 'company.Emp' doesn't exist
ERROR 1146 (42S02): Table 'company.Emp' doesn't exist
ERROR 1146 (42S02): Table 'company.Emp' doesn't exist
ERROR 1146 (42S02): Table 'company.Proj' doesn't exist
ERROR 1146 (42S02): Table 'company.Proj' doesn't exist
ERROR 1146 (42S02): Table 'company.Proj' doesn't exist
ERROR 1146 (42S02): Table 'company.Proj' doesn't exist
ERROR 1146 (42S02): Table 'company.Proj' doesn't exist
ERROR 1146 (42S02): Table 'company.Proj' doesn't exist
ERROR 1146 (42S02): Table 'company.Proj' doesn't exist
ERROR 1146 (42S02): Table 'company.Proj' doesn't exist
ERROR 1146 (42S02): Table 'company.Proj' doesn't exist
ERROR 1146 (42S02): Table 'company.Proj' doesn't exist
ERROR 1146 (42S02): Table 'company.Proj' doesn't exist
ERROR 1146 (42S02): Table 'company.Proj' doesn't exist
ERROR 1146 (42S02): Table 'company.Proj' doesn't exist
ERROR 1146 (42S02): Table 'company.Proj' doesn't exist
ERROR 1146 (42S02): Table 'company.Proj' doesn't exist
ERROR 1146 (42S02): Table 'company.Proj' doesn't exist
ERROR 1146 (42S02): Table 'company.Proj' doesn't exist
ERROR 1146 (42S02): Table 'company.Proj' doesn't exist
ERROR 1146 (42S02): Table 'company.Proj' doesn't exist
ERROR 1146 (42S02): Table 'company.Proj' doesn't exist
ERROR 1146 (42S02): Table 'company.Pworks' doesn't exist
ERROR 1146 (42S02): Table 'company.Pworks' doesn't exist
ERROR 1146 (42S02): Table 'company.Pworks' doesn't exist
ERROR 1146 (42S02): Table 'company.Pworks' doesn't exist
ERROR 1146 (42S02): Table 'company.Pworks' doesn't exist
ERROR 1146 (42S02): Table 'company.Pworks' doesn't exist
ERROR 1146 (42S02): Table 'company.Pworks' doesn't exist
ERROR 1146 (42S02): Table 'company.Pworks' doesn't exist
ERROR 1146 (42S02): Table 'company.Pworks' doesn't exist
ERROR 1146 (42S02): Table 'company.Pworks' doesn't exist
ERROR 1146 (42S02): Table 'company.Pworks' doesn't exist
ERROR 1146 (42S02): Table 'company.Pworks' doesn't exist
ERROR 1146 (42S02): Table 'company.Pworks' doesn't exist
ERROR 1146 (42S02): Table 'company.Pworks' doesn't exist
ERROR 1146 (42S02): Table 'company.Pworks' doesn't exist
ERROR 1146 (42S02): Table 'company.Pworks' doesn't exist
ERROR 1146 (42S02): Table 'company.Pworks' doesn't exist
ERROR 1146 (42S02): Table 'company.Pworks' doesn't exist
ERROR 1146 (42S02): Table 'company.Pworks' doesn't exist
ERROR 1146 (42S02): Table 'company.Pworks' doesn't exist
ERROR 1146 (42S02): Table 'company.Pworks' doesn't exist
ERROR 1146 (42S02): Table 'company.Pworks' doesn't exist
ERROR 1146 (42S02): Table 'company.Pworks' doesn't exist
ERROR 1146 (42S02): Table 'company.Pworks' doesn't exist
ERROR 1146 (42S02): Table 'company.Pworks' doesn't exist
ERROR 1146 (42S02): Table 'company.Pworks' doesn't exist
ERROR 1146 (42S02): Table 'company.Pworks' doesn't exist
ERROR 1146 (42S02): Table 'company.Pworks' doesn't exist
ERROR 1146 (42S02): Table 'company.Pworks' doesn't exist
ERROR 1146 (42S02): Table 'company.Pworks' doesn't exist
ERROR 1146 (42S02): Table 'company.Pworks' doesn't exist
ERROR 1146 (42S02): Table 'company.Pworks' doesn't exist
ERROR 1146 (42S02): Table 'company.Pworks' doesn't exist
ERROR 1146 (42S02): Table 'company.Pworks' doesn't exist
ERROR 1146 (42S02): Table 'company.Pworks' doesn't exist
ERROR 1146 (42S02): Table 'company.Pworks' doesn't exist
ERROR 1146 (42S02): Table 'company.Pworks' doesn't exist
ERROR 1146 (42S02): Table 'company.Pworks' doesn't exist
ERROR 1146 (42S02): Table 'company.Pworks' doesn't exist
ERROR 1146 (42S02): Table 'company.Pworks' doesn't exist
ERROR 1146 (42S02): Table 'company.Pworks' doesn't exist
ERROR 1146 (42S02): Table 'company.Pworks' doesn't exist
ERROR 1146 (42S02): Table 'company.Pworks' doesn't exist
ERROR 1146 (42S02): Table 'company.Pworks' doesn't exist
ERROR 1146 (42S02): Table 'company.Pworks' doesn't exist
ERROR 1146 (42S02): Table 'company.Pworks' doesn't exist
ERROR 1146 (42S02): Table 'company.Pworks' doesn't exist
ERROR 1146 (42S02): Table 'company.Pworks' doesn't exist
ERROR 1146 (42S02): Table 'company.Pworks' doesn't exist
ERROR 1146 (42S02): Table 'company.Pworks' doesn't exist
ERROR 1146 (42S02): Table 'company.Pworks' doesn't exist
ERROR 1146 (42S02): Table 'company.Pworks' doesn't exist
ERROR 1146 (42S02): Table 'company.Pworks' doesn't exist
ERROR 1146 (42S02): Table 'company.Pworks' doesn't exist
ERROR 1146 (42S02): Table 'company.Pworks' doesn't exist
ERROR 1146 (42S02): Table 'company.Pworks' doesn't exist
ERROR 1146 (42S02): Table 'company.Pworks' doesn't exist
ERROR 1146 (42S02): Table 'company.Pworks' doesn't exist
ERROR 1146 (42S02): Table 'company.Pworks' doesn't exist
ERROR 1146 (42S02): Table 'company.Pworks' doesn't exist
ERROR 1146 (42S02): Table 'company.Pworks' doesn't exist
ERROR 1146 (42S02): Table 'company.Pworks' doesn't exist
ERROR 1146 (42S02): Table 'company.Pworks' doesn't exist
ERROR 1146 (42S02): Table 'company.Pworks' doesn't exist
ERROR 1146 (42S02): Table 'company.Pworks' doesn't exist
ERROR 1146 (42S02): Table 'company.Pworks' doesn't exist
ERROR 1146 (42S02): Table 'company.Pworks' doesn't exist
ERROR 1146 (42S02): Table 'company.Pworks' doesn't exist
ERROR 1146 (42S02): Table 'company.Pworks' doesn't exist
ERROR 1146 (42S02): Table 'company.Pworks' doesn't exist
ERROR 1146 (42S02): Table 'company.Pworks' doesn't exist
ERROR 1146 (42S02): Table 'company.Pworks' doesn't exist
ERROR 1146 (42S02): Table 'company.Pworks' doesn't exist
ERROR 1146 (42S02): Table 'company.Pworks' doesn't exist
ERROR 1146 (42S02): Table 'company.Pworks' doesn't exist
ERROR 1146 (42S02): Table 'company.Pworks' doesn't exist
ERROR 1146 (42S02): Table 'company.Pworks' doesn't exist
ERROR 1146 (42S02): Table 'company.Pworks' doesn't exist
ERROR 1146 (42S02): Table 'company.Pworks' doesn't exist
ERROR 1146 (42S02): Table 'company.Pworks' doesn't exist
ERROR 1146 (42S02): Table 'company.Pworks' doesn't exist
ERROR 1146 (42S02): Table 'company.Pworks' doesn't exist
ERROR 1146 (42S02): Table 'company.Pworks' doesn't exist
ERROR 1146 (42S02): Table 'company.Pworks' doesn't exist
ERROR 1146 (42S02): Table 'company.Pworks' doesn't exist
ERROR 1146 (42S02): Table 'company.Pworks' doesn't exist
ERROR 1146 (42S02): Table 'company.Pworks' doesn't exist
ERROR 1146 (42S02): Table 'company.Pworks' doesn't exist
ERROR 1146 (42S02): Table 'company.Pworks' doesn't exist
ERROR 1146 (42S02): Table 'company.Pworks' doesn't exist
mysql> SHOW TABLES;
Empty set (0.00 sec)

mysql> SOURCE rebuild.sql;
ERROR: 
Failed to open file 'creatdept.sql', error: 2
ERROR: 
Failed to open file 'createmp.sql', error: 2
Query OK, 0 rows affected, 1 warning (0.00 sec)

ERROR 1215 (HY000): Cannot add foreign key constraint
Query OK, 0 rows affected, 1 warning (0.00 sec)

ERROR 1215 (HY000): Cannot add foreign key constraint
ERROR 1146 (42S02): Table 'company.Dept' doesn't exist
ERROR 1146 (42S02): Table 'company.Dept' doesn't exist
ERROR 1146 (42S02): Table 'company.Dept' doesn't exist
ERROR 1146 (42S02): Table 'company.Dept' doesn't exist
ERROR 1146 (42S02): Table 'company.Dept' doesn't exist
ERROR 1146 (42S02): Table 'company.Dept' doesn't exist
ERROR 1146 (42S02): Table 'company.Dept' doesn't exist
ERROR 1146 (42S02): Table 'company.Dept' doesn't exist
ERROR 1146 (42S02): Table 'company.Dept' doesn't exist
ERROR 1146 (42S02): Table 'company.Emp' doesn't exist
ERROR 1146 (42S02): Table 'company.Emp' doesn't exist
ERROR 1146 (42S02): Table 'company.Emp' doesn't exist
ERROR 1146 (42S02): Table 'company.Emp' doesn't exist
ERROR 1146 (42S02): Table 'company.Emp' doesn't exist
ERROR 1146 (42S02): Table 'company.Emp' doesn't exist
ERROR 1146 (42S02): Table 'company.Emp' doesn't exist
ERROR 1146 (42S02): Table 'company.Emp' doesn't exist
ERROR 1146 (42S02): Table 'company.Emp' doesn't exist
ERROR 1146 (42S02): Table 'company.Emp' doesn't exist
ERROR 1146 (42S02): Table 'company.Emp' doesn't exist
ERROR 1146 (42S02): Table 'company.Emp' doesn't exist
ERROR 1146 (42S02): Table 'company.Emp' doesn't exist
ERROR 1146 (42S02): Table 'company.Emp' doesn't exist
ERROR 1146 (42S02): Table 'company.Emp' doesn't exist
ERROR 1146 (42S02): Table 'company.Emp' doesn't exist
ERROR 1146 (42S02): Table 'company.Emp' doesn't exist
ERROR 1146 (42S02): Table 'company.Emp' doesn't exist
ERROR 1146 (42S02): Table 'company.Emp' doesn't exist
ERROR 1146 (42S02): Table 'company.Emp' doesn't exist
ERROR 1146 (42S02): Table 'company.Emp' doesn't exist
ERROR 1146 (42S02): Table 'company.Emp' doesn't exist
ERROR 1146 (42S02): Table 'company.Emp' doesn't exist
ERROR 1146 (42S02): Table 'company.Emp' doesn't exist
ERROR 1146 (42S02): Table 'company.Emp' doesn't exist
ERROR 1146 (42S02): Table 'company.Emp' doesn't exist
ERROR 1146 (42S02): Table 'company.Emp' doesn't exist
ERROR 1146 (42S02): Table 'company.Emp' doesn't exist
ERROR 1146 (42S02): Table 'company.Emp' doesn't exist
ERROR 1146 (42S02): Table 'company.Emp' doesn't exist
ERROR 1146 (42S02): Table 'company.Emp' doesn't exist
ERROR 1146 (42S02): Table 'company.Emp' doesn't exist
ERROR 1146 (42S02): Table 'company.Proj' doesn't exist
ERROR 1146 (42S02): Table 'company.Proj' doesn't exist
ERROR 1146 (42S02): Table 'company.Proj' doesn't exist
ERROR 1146 (42S02): Table 'company.Proj' doesn't exist
ERROR 1146 (42S02): Table 'company.Proj' doesn't exist
ERROR 1146 (42S02): Table 'company.Proj' doesn't exist
ERROR 1146 (42S02): Table 'company.Proj' doesn't exist
ERROR 1146 (42S02): Table 'company.Proj' doesn't exist
ERROR 1146 (42S02): Table 'company.Proj' doesn't exist
ERROR 1146 (42S02): Table 'company.Proj' doesn't exist
ERROR 1146 (42S02): Table 'company.Proj' doesn't exist
ERROR 1146 (42S02): Table 'company.Proj' doesn't exist
ERROR 1146 (42S02): Table 'company.Proj' doesn't exist
ERROR 1146 (42S02): Table 'company.Proj' doesn't exist
ERROR 1146 (42S02): Table 'company.Proj' doesn't exist
ERROR 1146 (42S02): Table 'company.Proj' doesn't exist
ERROR 1146 (42S02): Table 'company.Proj' doesn't exist
ERROR 1146 (42S02): Table 'company.Proj' doesn't exist
ERROR 1146 (42S02): Table 'company.Proj' doesn't exist
ERROR 1146 (42S02): Table 'company.Proj' doesn't exist
ERROR 1146 (42S02): Table 'company.Pworks' doesn't exist
ERROR 1146 (42S02): Table 'company.Pworks' doesn't exist
ERROR 1146 (42S02): Table 'company.Pworks' doesn't exist
ERROR 1146 (42S02): Table 'company.Pworks' doesn't exist
ERROR 1146 (42S02): Table 'company.Pworks' doesn't exist
ERROR 1146 (42S02): Table 'company.Pworks' doesn't exist
ERROR 1146 (42S02): Table 'company.Pworks' doesn't exist
ERROR 1146 (42S02): Table 'company.Pworks' doesn't exist
ERROR 1146 (42S02): Table 'company.Pworks' doesn't exist
ERROR 1146 (42S02): Table 'company.Pworks' doesn't exist
ERROR 1146 (42S02): Table 'company.Pworks' doesn't exist
ERROR 1146 (42S02): Table 'company.Pworks' doesn't exist
ERROR 1146 (42S02): Table 'company.Pworks' doesn't exist
ERROR 1146 (42S02): Table 'company.Pworks' doesn't exist
ERROR 1146 (42S02): Table 'company.Pworks' doesn't exist
ERROR 1146 (42S02): Table 'company.Pworks' doesn't exist
ERROR 1146 (42S02): Table 'company.Pworks' doesn't exist
ERROR 1146 (42S02): Table 'company.Pworks' doesn't exist
ERROR 1146 (42S02): Table 'company.Pworks' doesn't exist
ERROR 1146 (42S02): Table 'company.Pworks' doesn't exist
ERROR 1146 (42S02): Table 'company.Pworks' doesn't exist
ERROR 1146 (42S02): Table 'company.Pworks' doesn't exist
ERROR 1146 (42S02): Table 'company.Pworks' doesn't exist
ERROR 1146 (42S02): Table 'company.Pworks' doesn't exist
ERROR 1146 (42S02): Table 'company.Pworks' doesn't exist
ERROR 1146 (42S02): Table 'company.Pworks' doesn't exist
ERROR 1146 (42S02): Table 'company.Pworks' doesn't exist
ERROR 1146 (42S02): Table 'company.Pworks' doesn't exist
ERROR 1146 (42S02): Table 'company.Pworks' doesn't exist
ERROR 1146 (42S02): Table 'company.Pworks' doesn't exist
ERROR 1146 (42S02): Table 'company.Pworks' doesn't exist
ERROR 1146 (42S02): Table 'company.Pworks' doesn't exist
ERROR 1146 (42S02): Table 'company.Pworks' doesn't exist
ERROR 1146 (42S02): Table 'company.Pworks' doesn't exist
ERROR 1146 (42S02): Table 'company.Pworks' doesn't exist
ERROR 1146 (42S02): Table 'company.Pworks' doesn't exist
ERROR 1146 (42S02): Table 'company.Pworks' doesn't exist
ERROR 1146 (42S02): Table 'company.Pworks' doesn't exist
ERROR 1146 (42S02): Table 'company.Pworks' doesn't exist
ERROR 1146 (42S02): Table 'company.Pworks' doesn't exist
ERROR 1146 (42S02): Table 'company.Pworks' doesn't exist
ERROR 1146 (42S02): Table 'company.Pworks' doesn't exist
ERROR 1146 (42S02): Table 'company.Pworks' doesn't exist
ERROR 1146 (42S02): Table 'company.Pworks' doesn't exist
ERROR 1146 (42S02): Table 'company.Pworks' doesn't exist
ERROR 1146 (42S02): Table 'company.Pworks' doesn't exist
ERROR 1146 (42S02): Table 'company.Pworks' doesn't exist
ERROR 1146 (42S02): Table 'company.Pworks' doesn't exist
ERROR 1146 (42S02): Table 'company.Pworks' doesn't exist
ERROR 1146 (42S02): Table 'company.Pworks' doesn't exist
ERROR 1146 (42S02): Table 'company.Pworks' doesn't exist
ERROR 1146 (42S02): Table 'company.Pworks' doesn't exist
ERROR 1146 (42S02): Table 'company.Pworks' doesn't exist
ERROR 1146 (42S02): Table 'company.Pworks' doesn't exist
ERROR 1146 (42S02): Table 'company.Pworks' doesn't exist
ERROR 1146 (42S02): Table 'company.Pworks' doesn't exist
ERROR 1146 (42S02): Table 'company.Pworks' doesn't exist
ERROR 1146 (42S02): Table 'company.Pworks' doesn't exist
ERROR 1146 (42S02): Table 'company.Pworks' doesn't exist
ERROR 1146 (42S02): Table 'company.Pworks' doesn't exist
ERROR 1146 (42S02): Table 'company.Pworks' doesn't exist
ERROR 1146 (42S02): Table 'company.Pworks' doesn't exist
ERROR 1146 (42S02): Table 'company.Pworks' doesn't exist
ERROR 1146 (42S02): Table 'company.Pworks' doesn't exist
ERROR 1146 (42S02): Table 'company.Pworks' doesn't exist
ERROR 1146 (42S02): Table 'company.Pworks' doesn't exist
ERROR 1146 (42S02): Table 'company.Pworks' doesn't exist
ERROR 1146 (42S02): Table 'company.Pworks' doesn't exist
ERROR 1146 (42S02): Table 'company.Pworks' doesn't exist
ERROR 1146 (42S02): Table 'company.Pworks' doesn't exist
ERROR 1146 (42S02): Table 'company.Pworks' doesn't exist
ERROR 1146 (42S02): Table 'company.Pworks' doesn't exist
ERROR 1146 (42S02): Table 'company.Pworks' doesn't exist
ERROR 1146 (42S02): Table 'company.Pworks' doesn't exist
ERROR 1146 (42S02): Table 'company.Pworks' doesn't exist
ERROR 1146 (42S02): Table 'company.Pworks' doesn't exist
ERROR 1146 (42S02): Table 'company.Pworks' doesn't exist
ERROR 1146 (42S02): Table 'company.Pworks' doesn't exist
ERROR 1146 (42S02): Table 'company.Pworks' doesn't exist
ERROR 1146 (42S02): Table 'company.Pworks' doesn't exist
ERROR 1146 (42S02): Table 'company.Pworks' doesn't exist
ERROR 1146 (42S02): Table 'company.Pworks' doesn't exist
ERROR 1146 (42S02): Table 'company.Pworks' doesn't exist
ERROR 1146 (42S02): Table 'company.Pworks' doesn't exist
ERROR 1146 (42S02): Table 'company.Pworks' doesn't exist
ERROR 1146 (42S02): Table 'company.Pworks' doesn't exist
ERROR 1146 (42S02): Table 'company.Pworks' doesn't exist
ERROR 1146 (42S02): Table 'company.Pworks' doesn't exist
ERROR 1146 (42S02): Table 'company.Pworks' doesn't exist
ERROR 1146 (42S02): Table 'company.Pworks' doesn't exist
mysql> SOURCE Prac05Commands.txt;
Query OK, 0 rows affected, 1 warning (0.00 sec)

Query OK, 0 rows affected (0.01 sec)

Query OK, 0 rows affected, 1 warning (0.00 sec)

Query OK, 0 rows affected (0.02 sec)

Query OK, 0 rows affected, 1 warning (0.00 sec)

Query OK, 0 rows affected (0.02 sec)

Query OK, 0 rows affected, 1 warning (0.00 sec)

Query OK, 0 rows affected (0.02 sec)

Query OK, 1 row affected (0.00 sec)

Query OK, 1 row affected (0.01 sec)

Query OK, 1 row affected (0.00 sec)

Query OK, 1 row affected (0.00 sec)

Query OK, 1 row affected (0.00 sec)

Query OK, 1 row affected (0.00 sec)

Query OK, 1 row affected (0.00 sec)

Query OK, 1 row affected (0.00 sec)

Query OK, 1 row affected (0.00 sec)

Query OK, 1 row affected (0.01 sec)

Query OK, 1 row affected (0.00 sec)

Query OK, 1 row affected (0.00 sec)

Query OK, 1 row affected (0.00 sec)

Query OK, 1 row affected (0.01 sec)

Query OK, 1 row affected (0.00 sec)

Query OK, 1 row affected (0.00 sec)

Query OK, 1 row affected (0.00 sec)

Query OK, 1 row affected (0.00 sec)

Query OK, 1 row affected (0.00 sec)

Query OK, 1 row affected (0.00 sec)

Query OK, 1 row affected (0.00 sec)

Query OK, 1 row affected (0.00 sec)

Query OK, 1 row affected (0.00 sec)

Query OK, 1 row affected (0.00 sec)

Query OK, 1 row affected (0.01 sec)

Query OK, 1 row affected (0.00 sec)

Query OK, 1 row affected (0.00 sec)

Query OK, 1 row affected (0.00 sec)

Query OK, 1 row affected (0.00 sec)

Query OK, 1 row affected (0.00 sec)

Query OK, 1 row affected (0.00 sec)

Query OK, 1 row affected (0.00 sec)

Query OK, 1 row affected (0.00 sec)

Query OK, 1 row affected (0.01 sec)

Query OK, 1 row affected (0.00 sec)

Query OK, 1 row affected (0.00 sec)

Query OK, 1 row affected (0.00 sec)

Query OK, 1 row affected (0.00 sec)

Query OK, 1 row affected (0.00 sec)

Query OK, 1 row affected (0.00 sec)

Query OK, 1 row affected (0.00 sec)

Query OK, 1 row affected (0.00 sec)

Query OK, 1 row affected (0.00 sec)

Query OK, 1 row affected (0.00 sec)

Query OK, 1 row affected (0.00 sec)

Query OK, 1 row affected (0.00 sec)

Query OK, 1 row affected (0.00 sec)

Query OK, 1 row affected (0.01 sec)

Query OK, 1 row affected (0.00 sec)

Query OK, 1 row affected (0.00 sec)

Query OK, 1 row affected (0.00 sec)

Query OK, 1 row affected (0.00 sec)

Query OK, 1 row affected (0.00 sec)

Query OK, 1 row affected (0.00 sec)

Query OK, 1 row affected (0.00 sec)

Query OK, 1 row affected (0.00 sec)

Query OK, 1 row affected (0.01 sec)

Query OK, 1 row affected (0.00 sec)

Query OK, 1 row affected (0.00 sec)

Query OK, 1 row affected (0.00 sec)

Query OK, 1 row affected (0.00 sec)

Query OK, 1 row affected (0.00 sec)

Query OK, 1 row affected (0.01 sec)

Query OK, 1 row affected (0.00 sec)

Query OK, 1 row affected (0.00 sec)

Query OK, 1 row affected (0.00 sec)

Query OK, 1 row affected (0.00 sec)

Query OK, 1 row affected (0.00 sec)

Query OK, 1 row affected (0.00 sec)

Query OK, 1 row affected (0.00 sec)

Query OK, 1 row affected (0.00 sec)

Query OK, 1 row affected (0.00 sec)

Query OK, 1 row affected (0.00 sec)

Query OK, 1 row affected (0.00 sec)

Query OK, 1 row affected (0.00 sec)

Query OK, 1 row affected (0.00 sec)

Query OK, 1 row affected (0.01 sec)

Query OK, 1 row affected (0.00 sec)

Query OK, 1 row affected (0.00 sec)

Query OK, 1 row affected (0.00 sec)

Query OK, 1 row affected (0.00 sec)

Query OK, 1 row affected (0.00 sec)

Query OK, 1 row affected (0.00 sec)

Query OK, 1 row affected (0.01 sec)

Query OK, 1 row affected (0.00 sec)

Query OK, 1 row affected (0.00 sec)

Query OK, 1 row affected (0.00 sec)

Query OK, 1 row affected (0.00 sec)

Query OK, 1 row affected (0.00 sec)

Query OK, 1 row affected (0.00 sec)

Query OK, 1 row affected (0.00 sec)

Query OK, 1 row affected (0.00 sec)

Query OK, 1 row affected (0.00 sec)

Query OK, 1 row affected (0.00 sec)

Query OK, 1 row affected (0.01 sec)

Query OK, 1 row affected (0.00 sec)

Query OK, 1 row affected (0.00 sec)

Query OK, 1 row affected (0.01 sec)

Query OK, 1 row affected (0.00 sec)

Query OK, 1 row affected (0.00 sec)

Query OK, 1 row affected (0.00 sec)

Query OK, 1 row affected (0.00 sec)

Query OK, 1 row affected (0.00 sec)

Query OK, 1 row affected (0.00 sec)

Query OK, 1 row affected (0.01 sec)

Query OK, 1 row affected (0.00 sec)

Query OK, 1 row affected (0.00 sec)

Query OK, 1 row affected (0.00 sec)

Query OK, 1 row affected (0.00 sec)

Query OK, 1 row affected (0.00 sec)

Query OK, 1 row affected (0.00 sec)

Query OK, 1 row affected (0.01 sec)

Query OK, 1 row affected (0.00 sec)

Query OK, 1 row affected (0.00 sec)

Query OK, 1 row affected (0.00 sec)

Query OK, 1 row affected (0.00 sec)

Query OK, 1 row affected (0.00 sec)

Query OK, 1 row affected (0.00 sec)

Query OK, 1 row affected (0.00 sec)

Query OK, 1 row affected (0.00 sec)

Query OK, 1 row affected (0.00 sec)

Query OK, 1 row affected (0.00 sec)

Query OK, 1 row affected (0.00 sec)

Query OK, 1 row affected (0.01 sec)

Query OK, 1 row affected (0.00 sec)

Query OK, 1 row affected (0.00 sec)

Query OK, 1 row affected (0.00 sec)

Query OK, 1 row affected (0.00 sec)

Query OK, 1 row affected (0.00 sec)

Query OK, 1 row affected (0.00 sec)

Query OK, 1 row affected (0.01 sec)

Query OK, 1 row affected (0.00 sec)

Query OK, 1 row affected (0.00 sec)

Query OK, 1 row affected (0.00 sec)

Query OK, 1 row affected (0.00 sec)

Query OK, 1 row affected (0.00 sec)

Query OK, 1 row affected (0.00 sec)

Query OK, 1 row affected (0.00 sec)

Query OK, 1 row affected (0.00 sec)

Query OK, 1 row affected (0.00 sec)

Query OK, 1 row affected (0.01 sec)

Query OK, 1 row affected (0.00 sec)

Query OK, 1 row affected (0.00 sec)

Query OK, 1 row affected (0.00 sec)

Query OK, 1 row affected (0.00 sec)

Query OK, 1 row affected (0.00 sec)

Query OK, 1 row affected (0.00 sec)

Query OK, 1 row affected (0.00 sec)

Query OK, 1 row affected (0.00 sec)

Query OK, 1 row affected (0.00 sec)

Query OK, 1 row affected (0.01 sec)

mysql> SHOW TABLES;
+-------------------+
| Tables_in_company |
+-------------------+
| Dept              |
| Emp               |
| Proj              |
| Pworks            |
+-------------------+
4 rows in set (0.00 sec)

mysql> SOURCE rebuild.sql;
ERROR 1217 (23000): Cannot delete or update a parent row: a foreign key constraint fails
ERROR 1050 (42S01): Table 'Dept' already exists
ERROR: 
Failed to open file 'createmp.sql', error: 2
ERROR 1217 (23000): Cannot delete or update a parent row: a foreign key constraint fails
ERROR 1050 (42S01): Table 'Proj' already exists
Query OK, 0 rows affected (0.00 sec)

Query OK, 0 rows affected (0.02 sec)

ERROR 1062 (23000): Duplicate entry 'A00' for key 'PRIMARY'
ERROR 1062 (23000): Duplicate entry 'B01' for key 'PRIMARY'
ERROR 1062 (23000): Duplicate entry 'C01' for key 'PRIMARY'
ERROR 1062 (23000): Duplicate entry 'D01' for key 'PRIMARY'
ERROR 1062 (23000): Duplicate entry 'D11' for key 'PRIMARY'
ERROR 1062 (23000): Duplicate entry 'D21' for key 'PRIMARY'
ERROR 1062 (23000): Duplicate entry 'E01' for key 'PRIMARY'
ERROR 1062 (23000): Duplicate entry 'E11' for key 'PRIMARY'
ERROR 1062 (23000): Duplicate entry 'E21' for key 'PRIMARY'
ERROR 1062 (23000): Duplicate entry '000010' for key 'PRIMARY'
ERROR 1062 (23000): Duplicate entry '000020' for key 'PRIMARY'
ERROR 1062 (23000): Duplicate entry '000030' for key 'PRIMARY'
ERROR 1062 (23000): Duplicate entry '000050' for key 'PRIMARY'
ERROR 1062 (23000): Duplicate entry '000060' for key 'PRIMARY'
ERROR 1062 (23000): Duplicate entry '000070' for key 'PRIMARY'
ERROR 1062 (23000): Duplicate entry '000090' for key 'PRIMARY'
ERROR 1062 (23000): Duplicate entry '000100' for key 'PRIMARY'
ERROR 1062 (23000): Duplicate entry '000110' for key 'PRIMARY'
ERROR 1062 (23000): Duplicate entry '000120' for key 'PRIMARY'
ERROR 1062 (23000): Duplicate entry '000130' for key 'PRIMARY'
ERROR 1062 (23000): Duplicate entry '000140' for key 'PRIMARY'
ERROR 1062 (23000): Duplicate entry '000150' for key 'PRIMARY'
ERROR 1062 (23000): Duplicate entry '000160' for key 'PRIMARY'
ERROR 1062 (23000): Duplicate entry '000170' for key 'PRIMARY'
ERROR 1062 (23000): Duplicate entry '000180' for key 'PRIMARY'
ERROR 1062 (23000): Duplicate entry '000190' for key 'PRIMARY'
ERROR 1062 (23000): Duplicate entry '000200' for key 'PRIMARY'
ERROR 1062 (23000): Duplicate entry '000210' for key 'PRIMARY'
ERROR 1062 (23000): Duplicate entry '000220' for key 'PRIMARY'
ERROR 1062 (23000): Duplicate entry '000230' for key 'PRIMARY'
ERROR 1062 (23000): Duplicate entry '000240' for key 'PRIMARY'
ERROR 1062 (23000): Duplicate entry '000250' for key 'PRIMARY'
ERROR 1062 (23000): Duplicate entry '000260' for key 'PRIMARY'
ERROR 1062 (23000): Duplicate entry '000270' for key 'PRIMARY'
ERROR 1062 (23000): Duplicate entry '000280' for key 'PRIMARY'
ERROR 1062 (23000): Duplicate entry '000290' for key 'PRIMARY'
ERROR 1062 (23000): Duplicate entry '000300' for key 'PRIMARY'
ERROR 1062 (23000): Duplicate entry '000310' for key 'PRIMARY'
ERROR 1062 (23000): Duplicate entry '000320' for key 'PRIMARY'
ERROR 1062 (23000): Duplicate entry '000330' for key 'PRIMARY'
ERROR 1062 (23000): Duplicate entry '000340' for key 'PRIMARY'
ERROR 1062 (23000): Duplicate entry 'AD3100' for key 'PRIMARY'
ERROR 1062 (23000): Duplicate entry 'AD3110' for key 'PRIMARY'
ERROR 1062 (23000): Duplicate entry 'AD3111' for key 'PRIMARY'
ERROR 1062 (23000): Duplicate entry 'AD3112' for key 'PRIMARY'
ERROR 1062 (23000): Duplicate entry 'AD3113' for key 'PRIMARY'
ERROR 1062 (23000): Duplicate entry 'IF1000' for key 'PRIMARY'
ERROR 1062 (23000): Duplicate entry 'IF2000' for key 'PRIMARY'
ERROR 1062 (23000): Duplicate entry 'MA2100' for key 'PRIMARY'
ERROR 1062 (23000): Duplicate entry 'MA2110' for key 'PRIMARY'
ERROR 1062 (23000): Duplicate entry 'MA2111' for key 'PRIMARY'
ERROR 1062 (23000): Duplicate entry 'MA2112' for key 'PRIMARY'
ERROR 1062 (23000): Duplicate entry 'MA2113' for key 'PRIMARY'
ERROR 1062 (23000): Duplicate entry 'OP1000' for key 'PRIMARY'
ERROR 1062 (23000): Duplicate entry 'OP1010' for key 'PRIMARY'
ERROR 1062 (23000): Duplicate entry 'OP2000' for key 'PRIMARY'
ERROR 1062 (23000): Duplicate entry 'OP2010' for key 'PRIMARY'
ERROR 1062 (23000): Duplicate entry 'OP2011' for key 'PRIMARY'
ERROR 1062 (23000): Duplicate entry 'OP2012' for key 'PRIMARY'
ERROR 1062 (23000): Duplicate entry 'OP2013' for key 'PRIMARY'
ERROR 1062 (23000): Duplicate entry 'PL2100' for key 'PRIMARY'
Query OK, 1 row affected (0.00 sec)

Query OK, 1 row affected (0.00 sec)

Query OK, 1 row affected (0.01 sec)

Query OK, 1 row affected (0.00 sec)

Query OK, 1 row affected (0.00 sec)

Query OK, 1 row affected (0.00 sec)

Query OK, 1 row affected (0.00 sec)

Query OK, 1 row affected (0.00 sec)

Query OK, 1 row affected (0.00 sec)

Query OK, 1 row affected (0.00 sec)

Query OK, 1 row affected (0.00 sec)

Query OK, 1 row affected (0.01 sec)

Query OK, 1 row affected (0.00 sec)

Query OK, 1 row affected (0.00 sec)

Query OK, 1 row affected (0.00 sec)

Query OK, 1 row affected (0.00 sec)

Query OK, 1 row affected (0.00 sec)

Query OK, 1 row affected (0.00 sec)

Query OK, 1 row affected (0.00 sec)

Query OK, 1 row affected (0.00 sec)

Query OK, 1 row affected (0.01 sec)

Query OK, 1 row affected (0.00 sec)

Query OK, 1 row affected (0.00 sec)

Query OK, 1 row affected (0.00 sec)

Query OK, 1 row affected (0.00 sec)

Query OK, 1 row affected (0.00 sec)

Query OK, 1 row affected (0.00 sec)

Query OK, 1 row affected (0.00 sec)

Query OK, 1 row affected (0.00 sec)

Query OK, 1 row affected (0.00 sec)

Query OK, 1 row affected (0.00 sec)

Query OK, 1 row affected (0.01 sec)

Query OK, 1 row affected (0.00 sec)

Query OK, 1 row affected (0.00 sec)

Query OK, 1 row affected (0.00 sec)

Query OK, 1 row affected (0.00 sec)

Query OK, 1 row affected (0.01 sec)

Query OK, 1 row affected (0.00 sec)

Query OK, 1 row affected (0.00 sec)

Query OK, 1 row affected (0.00 sec)

Query OK, 1 row affected (0.00 sec)

Query OK, 1 row affected (0.00 sec)

Query OK, 1 row affected (0.00 sec)

Query OK, 1 row affected (0.00 sec)

Query OK, 1 row affected (0.00 sec)

Query OK, 1 row affected (0.00 sec)

Query OK, 1 row affected (0.01 sec)

Query OK, 1 row affected (0.00 sec)

Query OK, 1 row affected (0.00 sec)

Query OK, 1 row affected (0.00 sec)

Query OK, 1 row affected (0.00 sec)

Query OK, 1 row affected (0.00 sec)

Query OK, 1 row affected (0.00 sec)

Query OK, 1 row affected (0.00 sec)

Query OK, 1 row affected (0.00 sec)

Query OK, 1 row affected (0.01 sec)

Query OK, 1 row affected (0.00 sec)

Query OK, 1 row affected (0.00 sec)

Query OK, 1 row affected (0.00 sec)

Query OK, 1 row affected (0.00 sec)

Query OK, 1 row affected (0.00 sec)

Query OK, 1 row affected (0.00 sec)

Query OK, 1 row affected (0.00 sec)

Query OK, 1 row affected (0.00 sec)

Query OK, 1 row affected (0.00 sec)

Query OK, 1 row affected (0.00 sec)

Query OK, 1 row affected (0.01 sec)

Query OK, 1 row affected (0.00 sec)

Query OK, 1 row affected (0.00 sec)

Query OK, 1 row affected (0.00 sec)

Query OK, 1 row affected (0.00 sec)

Query OK, 1 row affected (0.00 sec)

Query OK, 1 row affected (0.00 sec)

Query OK, 1 row affected (0.00 sec)

Query OK, 1 row affected (0.00 sec)

Query OK, 1 row affected (0.00 sec)

Query OK, 1 row affected (0.01 sec)

Query OK, 1 row affected (0.00 sec)

Query OK, 1 row affected (0.00 sec)

Query OK, 1 row affected (0.00 sec)

Query OK, 1 row affected (0.00 sec)

Query OK, 1 row affected (0.00 sec)

Query OK, 1 row affected (0.00 sec)

Query OK, 1 row affected (0.00 sec)

Query OK, 1 row affected (0.00 sec)

Query OK, 1 row affected (0.00 sec)

Query OK, 1 row affected (0.00 sec)

Query OK, 1 row affected (0.00 sec)

Query OK, 1 row affected (0.00 sec)

Query OK, 1 row affected (0.00 sec)

mysql> SHOW TABLES;
+-------------------+
| Tables_in_company |
+-------------------+
| Dept              |
| Emp               |
| Proj              |
| Pworks            |
+-------------------+
4 rows in set (0.00 sec)

mysql> SELECT * FROM Dept;
+--------+------------------------------+--------+----------+
| deptno | deptname                     | mgrno  | admrdept |
+--------+------------------------------+--------+----------+
| A00    | Spiffy Computer Service DIV. | 000010 | A00      |
| B01    | Planning                     | 000020 | A00      |
| C01    | Information Centre           | 000030 | A00      |
| D01    | Development Centre           | NULL   | A00      |
| D11    | Manufacturing Systems        | 000060 | D01      |
| D21    | Administration Systems       | 000070 | D01      |
| E01    | Support Services             | 000050 | A00      |
| E11    | Operations                   | 000090 | E01      |
| E21    | Software Support             | 000100 | E01      |
+--------+------------------------------+--------+----------+
9 rows in set (0.00 sec)

mysql> SELECT * FROM Emp;
+--------+-----------+---------+-----------+----------+---------+------------+------------+---------+--------+------------+-----------+---------+---------+
| empno  | firstname | midinit | lastname  | workdept | phoneno | hiredate   | job        | edlevel | gender | birthdate  | salary    | bonus   | comm    |
+--------+-----------+---------+-----------+----------+---------+------------+------------+---------+--------+------------+-----------+---------+---------+
| 000010 | Christine | I       | Haas      | A00      | 3978    | 2000-01-01 | Pres       |      18 | F      | 1968-08-14 | 312750.00 | 1000.00 | 4220.00 |
| 000020 | Michael   | L       | Thompson  | B01      | 3476    | 2008-10-10 | Manager    |      18 | M      | 1983-02-02 | 161250.00 |  800.00 | 3000.00 |
| 000030 | Sally     | A       | Kwan      | C01      | 4738    | 2010-05-05 | Manager    |      20 | F      | 1980-05-11 | 158250.00 |  800.00 | 3060.00 |
| 000050 | John      | B       | Geyer     | E01      | 6789    | 2003-08-17 | Manager    |      16 | M      | 1975-09-15 | 160175.00 |  800.00 | 3214.00 |
| 000060 | Irving    | F       | Stern     | D11      | 6423    | 2003-09-14 | Manager    |      16 | M      | 1975-07-07 | 155555.00 |  600.00 | 2580.00 |
| 000070 | Eva       | D       | Pulaski   | D21      | 7831    | 2000-09-30 | Manager    |      16 | F      | 1983-05-26 | 156170.00 |  700.00 | 2893.00 |
| 000090 | Eileen    | W       | Henderson | E11      | 5498    | 2002-08-15 | Manager    |      16 | F      | 1976-05-15 | 149750.00 |  600.00 | 2380.00 |
| 000100 | Theodore  | Q       | Spenser   | E21      | 0972    | 2006-06-19 | Manager    |      14 | M      | 1989-12-18 | 146150.00 |  500.00 | 2092.00 |
| 000110 | Vincenzo  | G       | Lucchesi  | A00      | 3490    | 2003-05-16 | Salesrep   |      19 | M      | 1983-11-05 | 156500.00 |  900.00 | 3720.00 |
| 000120 | Sean      |         | Oconnell  | A00      | 2167    | 2003-10-05 | Programmer |      14 | M      | 1982-10-18 |  99250.00 |  600.00 | 2340.00 |
| 000130 | Dolores   | M       | Quintana  | C01      | 4578    | 2006-07-28 | Analyst    |      16 | F      | 1985-09-15 |  93800.00 |  500.00 | 1904.00 |
| 000140 | Heather   | A       | Nicholls  | C01      | 1793    | 2006-12-15 | Analyst    |      18 | F      | 1986-10-19 |  88420.00 |  600.00 | 2274.00 |
| 000150 | Bruce     |         | Adamson   | D11      | 4510    | 2007-02-12 | Designer   |      16 | M      | 1982-05-17 |  95280.00 |  500.00 | 2022.00 |
| 000160 | Elizabeth | R       | Pianka    | D11      | 3782    | 2009-10-11 | Designer   |      17 | F      | 1987-04-12 |  92250.00 |  400.00 | 1780.00 |
| 000170 | Masatoshi | J       | Yoshimura | D11      | 2890    | 2008-01-01 | Designer   |      16 | M      | 1986-01-05 |  84680.00 |  500.00 | 1974.00 |
| 000180 | Marilyn   | S       | Scoutten  | D11      | 1682    | 2003-07-07 | Designer   |      17 | F      | 1982-02-21 |  81340.00 |  500.00 | 1707.00 |
| 000190 | James     | H       | Walker    | D11      | 2986    | 2012-07-26 | Designer   |      16 | M      | 1992-06-25 |  70450.00 |  400.00 | 1636.00 |
| 000200 | David     |         | Brown     | D11      | 4501    | 2008-03-03 | Designer   |      16 | M      | 1986-05-29 |  77740.00 |  600.00 | 2217.00 |
| 000210 | William   | T       | Jones     | D11      | 0942    | 2009-04-11 | Designer   |      17 | M      | 1983-03-23 |  88270.00 |  400.00 | 1462.00 |
| 000220 | Jennifer  | K       | Lutz      | D11      | 0672    | 2004-08-29 | Designer   |      18 | F      | 1979-03-19 |  89840.00 |  600.00 | 2387.00 |
| 000230 | James     | J       | Jefferson | D21      | 2094    | 2011-11-21 | Programmer |      14 | M      | 1985-05-30 |  62180.00 |  400.00 | 1774.00 |
| 000240 | Salvatore | M       | Marino    | D21      | 3780    | 2009-12-05 | Programmer |      17 | M      | 1984-03-31 |  68760.00 |  600.00 | 2301.00 |
| 000250 | Daniel    | S       | Smith     | D21      | 0961    | 2009-10-30 | Programmer |      15 | M      | 1982-11-12 |  59180.00 |  400.00 | 1534.00 |
| 000260 | Sybil     | V       | Johnson   | D21      | 8953    | 2005-09-11 | Programmer |      16 | F      | 1986-10-05 |  57250.00 |  300.00 | 1380.00 |
| 000270 | 03ia      | L       | Perez     | D21      | 9001    | 2009-09-30 | Programmer |      15 | F      | 1983-05-26 |  57380.00 |  500.00 | 2190.00 |
| 000280 | Ethel     | R       | Schneider | E11      | 8997    | 2009-03-24 | Operator   |      17 | F      | 1986-03-28 |  86250.00 |  500.00 | 2100.00 |
| 000290 | John      | R       | Parker    | E11      | 4502    | 2006-05-30 | Operator   |      12 | M      | 1988-07-09 |  75340.00 |  300.00 | 1227.00 |
| 000300 | Philip    | X       | Smith     | E11      | 2095    | 2007-06-19 | Operator   |      14 | M      | 1986-10-27 |  77750.00 |  400.00 | 1420.00 |
| 000310 | Maude     | F       | Setright  | E11      | 3332    | 2001-09-12 | Operator   |      12 | F      | 1981-04-21 |  75900.00 |  300.00 | 1272.00 |
| 000320 | Ramlal    | V       | Mehta     | E21      | 9990    | 2005-07-07 | Fieldrep   |      16 | M      | 1982-08-11 |  99950.00 |  400.00 | 1596.00 |
| 000330 | Wing      |         | Lee       | E21      | 2103    | 1999-02-23 | Fieldrep   |      14 | M      | 1981-07-18 |  95370.00 |  500.00 | 2030.00 |
| 000340 | Jason     | R       | Gounot    | E21      | 5698    | 1999-05-05 | Fieldrep   |      16 | M      | 1976-05-17 | 123840.00 |  500.00 | 1907.00 |
+--------+-----------+---------+-----------+----------+---------+------------+------------+---------+--------+------------+-----------+---------+---------+
32 rows in set (0.00 sec)

mysql> desc Emp;
+-----------+--------------+------+-----+---------+-------+
| Field     | Type         | Null | Key | Default | Extra |
+-----------+--------------+------+-----+---------+-------+
| empno     | char(6)      | NO   | PRI | NULL    |       |
| firstname | varchar(12)  | YES  |     | NULL    |       |
| midinit   | char(1)      | YES  |     | NULL    |       |
| lastname  | varchar(15)  | YES  |     | NULL    |       |
| workdept  | char(3)      | YES  | MUL | NULL    |       |
| phoneno   | char(4)      | YES  |     | NULL    |       |
| hiredate  | date         | YES  |     | NULL    |       |
| job       | char(10)     | YES  |     | NULL    |       |
| edlevel   | int(2)       | YES  |     | NULL    |       |
| gender    | char(1)      | YES  |     | NULL    |       |
| birthdate | date         | YES  |     | NULL    |       |
| salary    | decimal(8,2) | YES  |     | NULL    |       |
| bonus     | decimal(8,2) | YES  |     | NULL    |       |
| comm      | decimal(8,2) | YES  |     | NULL    |       |
+-----------+--------------+------+-----+---------+-------+
14 rows in set (0.00 sec)

mysql> desc Proj;
+----------+-------------+------+-----+---------+-------+
| Field    | Type        | Null | Key | Default | Extra |
+----------+-------------+------+-----+---------+-------+
| projno   | char(6)     | NO   | PRI | NULL    |       |
| projname | varchar(24) | NO   |     | NULL    |       |
| deptno   | char(3)     | NO   | MUL | NULL    |       |
| respemp  | char(6)     | NO   | MUL | NULL    |       |
| prstdate | date        | YES  |     | NULL    |       |
| prendate | date        | YES  |     | NULL    |       |
| majproj  | char(6)     | YES  |     | NULL    |       |
+----------+-------------+------+-----+---------+-------+
7 rows in set (0.00 sec)

mysql> SELECT * FROM Proj;
+--------+----------------------+--------+---------+------------+------------+---------+
| projno | projname             | deptno | respemp | prstdate   | prendate   | majproj |
+--------+----------------------+--------+---------+------------+------------+---------+
| AD3100 | Admin Services       | D01    | 000010  | 2014-01-01 | 2015-02-01 | NULL    |
| AD3110 | General AD Systems   | D21    | 000070  | 2014-01-01 | 2015-02-01 | AD3100  |
| AD3111 | Payroll Programming  | D21    | 000230  | 2014-01-01 | 2015-02-01 | AD3110  |
| AD3112 | Personnel Programmg  | D21    | 000250  | 2014-01-01 | 2015-02-01 | AD3110  |
| AD3113 | Account.Programming  | D21    | 000270  | 2014-01-01 | 2015-02-01 | AD3110  |
| IF1000 | Query Services       | C01    | 000030  | 2014-01-01 | 2015-02-01 | NULL    |
| IF2000 | User Education       | C01    | 000030  | 2014-01-01 | 2015-02-01 | NULL    |
| MA2100 | Weld Line Automation | D01    | 000010  | 2014-01-01 | 2015-02-01 | NULL    |
| MA2110 | W L Programming      | D11    | 000060  | 2014-01-01 | 2015-02-01 | MA2100  |
| MA2111 | W L Program Design   | D11    | 000220  | 2014-01-01 | 2014-12-01 | MA2110  |
| MA2112 | W L Robot Design     | D11    | 000150  | 2014-01-01 | 2014-12-01 | MA2110  |
| MA2113 | W L Prod Cont Progs  | D11    | 000160  | 2014-02-15 | 2014-12-01 | MA2110  |
| OP1000 | Operation Support    | E01    | 000050  | 2014-01-01 | 2015-02-01 | NULL    |
| OP1010 | Operation            | E11    | 000090  | 2014-01-01 | 2015-02-01 | OP1000  |
| OP2000 | GEN Systems Services | E01    | 000050  | 2014-01-01 | 2015-02-01 | OP1000  |
| OP2010 | Systems Support      | E21    | 000100  | 2014-01-01 | 2015-02-01 | OP2000  |
| OP2011 | SCP Systems Support  | E21    | 000320  | 2014-01-01 | 2015-02-01 | OP2010  |
| OP2012 | Applications Support | E21    | 000330  | 2014-01-01 | 2015-02-01 | OP2010  |
| OP2013 | DB/DC Support        | E21    | 000340  | 2014-01-01 | 2015-02-01 | OP2010  |
| PL2100 | Weld Line Planning   | B01    | 000020  | 2014-01-01 | 2014-09-15 | MA2100  |
+--------+----------------------+--------+---------+------------+------------+---------+
20 rows in set (0.00 sec)

mysql> desc Emp;
+-----------+--------------+------+-----+---------+-------+
| Field     | Type         | Null | Key | Default | Extra |
+-----------+--------------+------+-----+---------+-------+
| empno     | char(6)      | NO   | PRI | NULL    |       |
| firstname | varchar(12)  | YES  |     | NULL    |       |
| midinit   | char(1)      | YES  |     | NULL    |       |
| lastname  | varchar(15)  | YES  |     | NULL    |       |
| workdept  | char(3)      | YES  | MUL | NULL    |       |
| phoneno   | char(4)      | YES  |     | NULL    |       |
| hiredate  | date         | YES  |     | NULL    |       |
| job       | char(10)     | YES  |     | NULL    |       |
| edlevel   | int(2)       | YES  |     | NULL    |       |
| gender    | char(1)      | YES  |     | NULL    |       |
| birthdate | date         | YES  |     | NULL    |       |
| salary    | decimal(8,2) | YES  |     | NULL    |       |
| bonus     | decimal(8,2) | YES  |     | NULL    |       |
| comm      | decimal(8,2) | YES  |     | NULL    |       |
+-----------+--------------+------+-----+---------+-------+
14 rows in set (0.00 sec)

mysql> SELECT * FROM Proj;
+--------+----------------------+--------+---------+------------+------------+---------+
| projno | projname             | deptno | respemp | prstdate   | prendate   | majproj |
+--------+----------------------+--------+---------+------------+------------+---------+
| AD3100 | Admin Services       | D01    | 000010  | 2014-01-01 | 2015-02-01 | NULL    |
| AD3110 | General AD Systems   | D21    | 000070  | 2014-01-01 | 2015-02-01 | AD3100  |
| AD3111 | Payroll Programming  | D21    | 000230  | 2014-01-01 | 2015-02-01 | AD3110  |
| AD3112 | Personnel Programmg  | D21    | 000250  | 2014-01-01 | 2015-02-01 | AD3110  |
| AD3113 | Account.Programming  | D21    | 000270  | 2014-01-01 | 2015-02-01 | AD3110  |
| IF1000 | Query Services       | C01    | 000030  | 2014-01-01 | 2015-02-01 | NULL    |
| IF2000 | User Education       | C01    | 000030  | 2014-01-01 | 2015-02-01 | NULL    |
| MA2100 | Weld Line Automation | D01    | 000010  | 2014-01-01 | 2015-02-01 | NULL    |
| MA2110 | W L Programming      | D11    | 000060  | 2014-01-01 | 2015-02-01 | MA2100  |
| MA2111 | W L Program Design   | D11    | 000220  | 2014-01-01 | 2014-12-01 | MA2110  |
| MA2112 | W L Robot Design     | D11    | 000150  | 2014-01-01 | 2014-12-01 | MA2110  |
| MA2113 | W L Prod Cont Progs  | D11    | 000160  | 2014-02-15 | 2014-12-01 | MA2110  |
| OP1000 | Operation Support    | E01    | 000050  | 2014-01-01 | 2015-02-01 | NULL    |
| OP1010 | Operation            | E11    | 000090  | 2014-01-01 | 2015-02-01 | OP1000  |
| OP2000 | GEN Systems Services | E01    | 000050  | 2014-01-01 | 2015-02-01 | OP1000  |
| OP2010 | Systems Support      | E21    | 000100  | 2014-01-01 | 2015-02-01 | OP2000  |
| OP2011 | SCP Systems Support  | E21    | 000320  | 2014-01-01 | 2015-02-01 | OP2010  |
| OP2012 | Applications Support | E21    | 000330  | 2014-01-01 | 2015-02-01 | OP2010  |
| OP2013 | DB/DC Support        | E21    | 000340  | 2014-01-01 | 2015-02-01 | OP2010  |
| PL2100 | Weld Line Planning   | B01    | 000020  | 2014-01-01 | 2014-09-15 | MA2100  |
+--------+----------------------+--------+---------+------------+------------+---------+
20 rows in set (0.00 sec)

mysql> SELECT * FROM Proj;
+--------+----------------------+--------+---------+------------+------------+---------+
| projno | projname             | deptno | respemp | prstdate   | prendate   | majproj |
+--------+----------------------+--------+---------+------------+------------+---------+
| AD3100 | Admin Services       | D01    | 000010  | 2014-01-01 | 2015-02-01 | NULL    |
| AD3110 | General AD Systems   | D21    | 000070  | 2014-01-01 | 2015-02-01 | AD3100  |
| AD3111 | Payroll Programming  | D21    | 000230  | 2014-01-01 | 2015-02-01 | AD3110  |
| AD3112 | Personnel Programmg  | D21    | 000250  | 2014-01-01 | 2015-02-01 | AD3110  |
| AD3113 | Account.Programming  | D21    | 000270  | 2014-01-01 | 2015-02-01 | AD3110  |
| IF1000 | Query Services       | C01    | 000030  | 2014-01-01 | 2015-02-01 | NULL    |
| IF2000 | User Education       | C01    | 000030  | 2014-01-01 | 2015-02-01 | NULL    |
| MA2100 | Weld Line Automation | D01    | 000010  | 2014-01-01 | 2015-02-01 | NULL    |
| MA2110 | W L Programming      | D11    | 000060  | 2014-01-01 | 2015-02-01 | MA2100  |
| MA2111 | W L Program Design   | D11    | 000220  | 2014-01-01 | 2014-12-01 | MA2110  |
| MA2112 | W L Robot Design     | D11    | 000150  | 2014-01-01 | 2014-12-01 | MA2110  |
| MA2113 | W L Prod Cont Progs  | D11    | 000160  | 2014-02-15 | 2014-12-01 | MA2110  |
| OP1000 | Operation Support    | E01    | 000050  | 2014-01-01 | 2015-02-01 | NULL    |
| OP1010 | Operation            | E11    | 000090  | 2014-01-01 | 2015-02-01 | OP1000  |
| OP2000 | GEN Systems Services | E01    | 000050  | 2014-01-01 | 2015-02-01 | OP1000  |
| OP2010 | Systems Support      | E21    | 000100  | 2014-01-01 | 2015-02-01 | OP2000  |
| OP2011 | SCP Systems Support  | E21    | 000320  | 2014-01-01 | 2015-02-01 | OP2010  |
| OP2012 | Applications Support | E21    | 000330  | 2014-01-01 | 2015-02-01 | OP2010  |
| OP2013 | DB/DC Support        | E21    | 000340  | 2014-01-01 | 2015-02-01 | OP2010  |
| PL2100 | Weld Line Planning   | B01    | 000020  | 2014-01-01 | 2014-09-15 | MA2100  |
+--------+----------------------+--------+---------+------------+------------+---------+
20 rows in set (0.00 sec)

mysql> desc Proj;
+----------+-------------+------+-----+---------+-------+
| Field    | Type        | Null | Key | Default | Extra |
+----------+-------------+------+-----+---------+-------+
| projno   | char(6)     | NO   | PRI | NULL    |       |
| projname | varchar(24) | NO   |     | NULL    |       |
| deptno   | char(3)     | NO   | MUL | NULL    |       |
| respemp  | char(6)     | NO   | MUL | NULL    |       |
| prstdate | date        | YES  |     | NULL    |       |
| prendate | date        | YES  |     | NULL    |       |
| majproj  | char(6)     | YES  |     | NULL    |       |
+----------+-------------+------+-----+---------+-------+
7 rows in set (0.00 sec)

mysql> SELECT Emp.lastname, Emp.job, Emp.salary, Proj.projname FROM Emp JOIN Proj ON Proj.projname LIKE '%Design%';
+-----------+------------+-----------+--------------------+
| lastname  | job        | salary    | projname           |
+-----------+------------+-----------+--------------------+
| Haas      | Pres       | 312750.00 | W L Program Design |
| Haas      | Pres       | 312750.00 | W L Robot Design   |
| Thompson  | Manager    | 161250.00 | W L Program Design |
| Thompson  | Manager    | 161250.00 | W L Robot Design   |
| Kwan      | Manager    | 158250.00 | W L Program Design |
| Kwan      | Manager    | 158250.00 | W L Robot Design   |
| Geyer     | Manager    | 160175.00 | W L Program Design |
| Geyer     | Manager    | 160175.00 | W L Robot Design   |
| Stern     | Manager    | 155555.00 | W L Program Design |
| Stern     | Manager    | 155555.00 | W L Robot Design   |
| Pulaski   | Manager    | 156170.00 | W L Program Design |
| Pulaski   | Manager    | 156170.00 | W L Robot Design   |
| Henderson | Manager    | 149750.00 | W L Program Design |
| Henderson | Manager    | 149750.00 | W L Robot Design   |
| Spenser   | Manager    | 146150.00 | W L Program Design |
| Spenser   | Manager    | 146150.00 | W L Robot Design   |
| Lucchesi  | Salesrep   | 156500.00 | W L Program Design |
| Lucchesi  | Salesrep   | 156500.00 | W L Robot Design   |
| Oconnell  | Programmer |  99250.00 | W L Program Design |
| Oconnell  | Programmer |  99250.00 | W L Robot Design   |
| Quintana  | Analyst    |  93800.00 | W L Program Design |
| Quintana  | Analyst    |  93800.00 | W L Robot Design   |
| Nicholls  | Analyst    |  88420.00 | W L Program Design |
| Nicholls  | Analyst    |  88420.00 | W L Robot Design   |
| Adamson   | Designer   |  95280.00 | W L Program Design |
| Adamson   | Designer   |  95280.00 | W L Robot Design   |
| Pianka    | Designer   |  92250.00 | W L Program Design |
| Pianka    | Designer   |  92250.00 | W L Robot Design   |
| Yoshimura | Designer   |  84680.00 | W L Program Design |
| Yoshimura | Designer   |  84680.00 | W L Robot Design   |
| Scoutten  | Designer   |  81340.00 | W L Program Design |
| Scoutten  | Designer   |  81340.00 | W L Robot Design   |
| Walker    | Designer   |  70450.00 | W L Program Design |
| Walker    | Designer   |  70450.00 | W L Robot Design   |
| Brown     | Designer   |  77740.00 | W L Program Design |
| Brown     | Designer   |  77740.00 | W L Robot Design   |
| Jones     | Designer   |  88270.00 | W L Program Design |
| Jones     | Designer   |  88270.00 | W L Robot Design   |
| Lutz      | Designer   |  89840.00 | W L Program Design |
| Lutz      | Designer   |  89840.00 | W L Robot Design   |
| Jefferson | Programmer |  62180.00 | W L Program Design |
| Jefferson | Programmer |  62180.00 | W L Robot Design   |
| Marino    | Programmer |  68760.00 | W L Program Design |
| Marino    | Programmer |  68760.00 | W L Robot Design   |
| Smith     | Programmer |  59180.00 | W L Program Design |
| Smith     | Programmer |  59180.00 | W L Robot Design   |
| Johnson   | Programmer |  57250.00 | W L Program Design |
| Johnson   | Programmer |  57250.00 | W L Robot Design   |
| Perez     | Programmer |  57380.00 | W L Program Design |
| Perez     | Programmer |  57380.00 | W L Robot Design   |
| Schneider | Operator   |  86250.00 | W L Program Design |
| Schneider | Operator   |  86250.00 | W L Robot Design   |
| Parker    | Operator   |  75340.00 | W L Program Design |
| Parker    | Operator   |  75340.00 | W L Robot Design   |
| Smith     | Operator   |  77750.00 | W L Program Design |
| Smith     | Operator   |  77750.00 | W L Robot Design   |
| Setright  | Operator   |  75900.00 | W L Program Design |
| Setright  | Operator   |  75900.00 | W L Robot Design   |
| Mehta     | Fieldrep   |  99950.00 | W L Program Design |
| Mehta     | Fieldrep   |  99950.00 | W L Robot Design   |
| Lee       | Fieldrep   |  95370.00 | W L Program Design |
| Lee       | Fieldrep   |  95370.00 | W L Robot Design   |
| Gounot    | Fieldrep   | 123840.00 | W L Program Design |
| Gounot    | Fieldrep   | 123840.00 | W L Robot Design   |
+-----------+------------+-----------+--------------------+
64 rows in set (0.01 sec)

mysql> SELECT Emp.lastname, Emp.job, Emp.salary, Proj.projname FROM Emp INNER JOIN Proj ON Proj.projname LIKE '%Design%';
+-----------+------------+-----------+--------------------+
| lastname  | job        | salary    | projname           |
+-----------+------------+-----------+--------------------+
| Haas      | Pres       | 312750.00 | W L Program Design |
| Haas      | Pres       | 312750.00 | W L Robot Design   |
| Thompson  | Manager    | 161250.00 | W L Program Design |
| Thompson  | Manager    | 161250.00 | W L Robot Design   |
| Kwan      | Manager    | 158250.00 | W L Program Design |
| Kwan      | Manager    | 158250.00 | W L Robot Design   |
| Geyer     | Manager    | 160175.00 | W L Program Design |
| Geyer     | Manager    | 160175.00 | W L Robot Design   |
| Stern     | Manager    | 155555.00 | W L Program Design |
| Stern     | Manager    | 155555.00 | W L Robot Design   |
| Pulaski   | Manager    | 156170.00 | W L Program Design |
| Pulaski   | Manager    | 156170.00 | W L Robot Design   |
| Henderson | Manager    | 149750.00 | W L Program Design |
| Henderson | Manager    | 149750.00 | W L Robot Design   |
| Spenser   | Manager    | 146150.00 | W L Program Design |
| Spenser   | Manager    | 146150.00 | W L Robot Design   |
| Lucchesi  | Salesrep   | 156500.00 | W L Program Design |
| Lucchesi  | Salesrep   | 156500.00 | W L Robot Design   |
| Oconnell  | Programmer |  99250.00 | W L Program Design |
| Oconnell  | Programmer |  99250.00 | W L Robot Design   |
| Quintana  | Analyst    |  93800.00 | W L Program Design |
| Quintana  | Analyst    |  93800.00 | W L Robot Design   |
| Nicholls  | Analyst    |  88420.00 | W L Program Design |
| Nicholls  | Analyst    |  88420.00 | W L Robot Design   |
| Adamson   | Designer   |  95280.00 | W L Program Design |
| Adamson   | Designer   |  95280.00 | W L Robot Design   |
| Pianka    | Designer   |  92250.00 | W L Program Design |
| Pianka    | Designer   |  92250.00 | W L Robot Design   |
| Yoshimura | Designer   |  84680.00 | W L Program Design |
| Yoshimura | Designer   |  84680.00 | W L Robot Design   |
| Scoutten  | Designer   |  81340.00 | W L Program Design |
| Scoutten  | Designer   |  81340.00 | W L Robot Design   |
| Walker    | Designer   |  70450.00 | W L Program Design |
| Walker    | Designer   |  70450.00 | W L Robot Design   |
| Brown     | Designer   |  77740.00 | W L Program Design |
| Brown     | Designer   |  77740.00 | W L Robot Design   |
| Jones     | Designer   |  88270.00 | W L Program Design |
| Jones     | Designer   |  88270.00 | W L Robot Design   |
| Lutz      | Designer   |  89840.00 | W L Program Design |
| Lutz      | Designer   |  89840.00 | W L Robot Design   |
| Jefferson | Programmer |  62180.00 | W L Program Design |
| Jefferson | Programmer |  62180.00 | W L Robot Design   |
| Marino    | Programmer |  68760.00 | W L Program Design |
| Marino    | Programmer |  68760.00 | W L Robot Design   |
| Smith     | Programmer |  59180.00 | W L Program Design |
| Smith     | Programmer |  59180.00 | W L Robot Design   |
| Johnson   | Programmer |  57250.00 | W L Program Design |
| Johnson   | Programmer |  57250.00 | W L Robot Design   |
| Perez     | Programmer |  57380.00 | W L Program Design |
| Perez     | Programmer |  57380.00 | W L Robot Design   |
| Schneider | Operator   |  86250.00 | W L Program Design |
| Schneider | Operator   |  86250.00 | W L Robot Design   |
| Parker    | Operator   |  75340.00 | W L Program Design |
| Parker    | Operator   |  75340.00 | W L Robot Design   |
| Smith     | Operator   |  77750.00 | W L Program Design |
| Smith     | Operator   |  77750.00 | W L Robot Design   |
| Setright  | Operator   |  75900.00 | W L Program Design |
| Setright  | Operator   |  75900.00 | W L Robot Design   |
| Mehta     | Fieldrep   |  99950.00 | W L Program Design |
| Mehta     | Fieldrep   |  99950.00 | W L Robot Design   |
| Lee       | Fieldrep   |  95370.00 | W L Program Design |
| Lee       | Fieldrep   |  95370.00 | W L Robot Design   |
| Gounot    | Fieldrep   | 123840.00 | W L Program Design |
| Gounot    | Fieldrep   | 123840.00 | W L Robot Design   |
+-----------+------------+-----------+--------------------+
64 rows in set (0.00 sec)

mysql> desc Proj;
+----------+-------------+------+-----+---------+-------+
| Field    | Type        | Null | Key | Default | Extra |
+----------+-------------+------+-----+---------+-------+
| projno   | char(6)     | NO   | PRI | NULL    |       |
| projname | varchar(24) | NO   |     | NULL    |       |
| deptno   | char(3)     | NO   | MUL | NULL    |       |
| respemp  | char(6)     | NO   | MUL | NULL    |       |
| prstdate | date        | YES  |     | NULL    |       |
| prendate | date        | YES  |     | NULL    |       |
| majproj  | char(6)     | YES  |     | NULL    |       |
+----------+-------------+------+-----+---------+-------+
7 rows in set (0.00 sec)

mysql> Terminal close -- exit!
Aborted
